product_category_name,order_year,order_month,order_count,total_sales,prev_month_count,growth_rate
agro_industry_and_commerce,2017,2,1,48.99,,
agro_industry_and_commerce,2017,5,1,97.5,1.0,0.0
agro_industry_and_commerce,2018,2,4,834.3,1.0,300.0
agro_industry_and_commerce,2018,3,19,623.0600000000002,4.0,375.0
agro_industry_and_commerce,2018,6,2,290.64,19.0,-89.47368421052632
agro_industry_and_commerce,2018,7,5,217.52000000000004,2.0,150.0
agro_industry_and_commerce,2018,8,11,1720.3700000000003,5.0,120.0
air_conditioning,2017,1,1,93.55,,
air_conditioning,2017,2,16,24024.0,1.0,1500.0
air_conditioning,2017,8,3,300.3,16.0,-81.25
air_conditioning,2017,9,2,250.92,3.0,-33.33333333333333
air_conditioning,2017,11,1,517.65,2.0,-50.0
air_conditioning,2018,1,10,4370.549999999999,1.0,900.0
air_conditioning,2018,3,8,2586.4,10.0,-20.0
air_conditioning,2018,4,25,2846.230000000001,8.0,212.5
air_conditioning,2018,5,16,802.8900000000003,25.0,-36.0
air_conditioning,2018,6,16,300.0400000000001,16.0,0.0
air_conditioning,2018,8,2,2975.56,16.0,-87.5
art,2017,10,1,59.85,,
art,2018,3,1,314.8,1.0,0.0
art,2018,6,2,570.08,1.0,100.0
arts_and_craftmanship,2018,8,1,37.49,,
audio,2017,9,1,34.0,,
audio,2017,10,27,1158.0300000000002,1.0,2600.0
audio,2017,11,55,3884.319999999999,27.0,103.7037037037037
audio,2017,12,33,1415.3700000000008,55.0,-40.0
audio,2018,1,32,1372.4800000000007,33.0,-3.0303030303030303
audio,2018,3,32,5809.920000000003,32.0,0.0
audio,2018,4,51,7324.640000000003,32.0,59.375
audio,2018,5,28,4185.839999999997,51.0,-45.09803921568628
audio,2018,6,60,34274.87999999999,28.0,114.28571428571428
audio,2018,7,49,10063.080000000004,60.0,-18.333333333333332
audio,2018,8,48,8714.880000000006,49.0,-2.0408163265306123
auto,2016,10,3,415.29999999999995,,
auto,2017,1,13,2695.33,3.0,333.33333333333337
auto,2017,2,32,5499.970000000003,13.0,146.15384615384613
auto,2017,3,89,13691.159999999982,32.0,178.125
auto,2017,4,29,3937.200000000002,89.0,-67.41573033707866
auto,2017,5,39,6257.490000000001,29.0,34.48275862068966
auto,2017,6,165,24481.320000000036,39.0,323.0769230769231
auto,2017,7,51,7906.360000000001,165.0,-69.0909090909091
auto,2017,8,82,29176.180000000004,51.0,60.78431372549019
auto,2017,9,66,9567.020000000006,82.0,-19.51219512195122
auto,2017,10,9,3547.72,66.0,-86.36363636363636
auto,2017,11,53,9301.7,9.0,488.8888888888889
auto,2017,12,133,15835.649999999965,53.0,150.9433962264151
auto,2018,1,36,6722.489999999999,133.0,-72.93233082706767
auto,2018,2,199,56616.66000000001,36.0,452.77777777777777
auto,2018,3,131,42262.22000000007,199.0,-34.17085427135678
auto,2018,4,195,103015.64999999985,131.0,48.854961832061065
auto,2018,5,81,24356.200000000023,195.0,-58.46153846153847
auto,2018,6,60,21330.340000000004,81.0,-25.925925925925924
auto,2018,7,121,40794.110000000066,60.0,101.66666666666666
auto,2018,8,117,26982.260000000002,121.0,-3.3057851239669422
baby,2017,1,7,1839.62,,
baby,2017,2,12,2891.76,7.0,71.42857142857143
baby,2017,3,9,3806.83,12.0,-25.0
baby,2017,4,13,7330.34,9.0,44.44444444444444
baby,2017,5,93,8321.889999999994,13.0,615.3846153846155
baby,2017,6,26,2396.700000000001,93.0,-72.04301075268818
baby,2017,7,76,9843.180000000011,26.0,192.30769230769232
baby,2017,8,92,3596.519999999999,76.0,21.052631578947366
baby,2017,9,113,14328.65000000002,92.0,22.82608695652174
baby,2017,10,28,3373.4600000000005,113.0,-75.22123893805309
baby,2017,11,100,48427.33000000001,28.0,257.14285714285717
baby,2017,12,48,21396.83000000002,100.0,-52.0
baby,2018,1,127,56421.97000000006,48.0,164.58333333333331
baby,2018,2,43,13371.589999999984,127.0,-66.14173228346458
baby,2018,3,149,68668.90999999996,43.0,246.51162790697674
baby,2018,4,108,55434.41999999997,149.0,-27.516778523489933
baby,2018,5,74,31404.849999999977,108.0,-31.48148148148148
baby,2018,6,41,12850.14,74.0,-44.5945945945946
baby,2018,7,33,3520.8,41.0,-19.51219512195122
baby,2018,8,54,13057.099999999999,33.0,63.63636363636363
bed_bath_table,2017,1,25,1741.8099999999997,,
bed_bath_table,2017,2,52,13871.379999999988,25.0,108.0
bed_bath_table,2017,3,134,10975.889999999985,52.0,157.69230769230768
bed_bath_table,2017,4,164,53570.87999999998,134.0,22.388059701492537
bed_bath_table,2017,5,108,22882.620000000024,164.0,-34.146341463414636
bed_bath_table,2017,6,138,36727.31000000003,108.0,27.77777777777778
bed_bath_table,2017,7,163,22949.169999999995,138.0,18.115942028985508
bed_bath_table,2017,8,149,41625.229999999916,163.0,-8.588957055214724
bed_bath_table,2017,9,245,119702.45000000014,149.0,64.42953020134227
bed_bath_table,2017,10,745,192008.2399999989,245.0,204.08163265306123
bed_bath_table,2017,11,626,124973.7700000005,745.0,-15.973154362416109
bed_bath_table,2017,12,644,141653.7900000001,626.0,2.8753993610223643
bed_bath_table,2018,1,699,172356.91999999993,644.0,8.540372670807454
bed_bath_table,2018,2,503,120925.7900000005,699.0,-28.040057224606578
bed_bath_table,2018,3,488,76333.52999999993,503.0,-2.982107355864811
bed_bath_table,2018,4,347,61303.98,488.0,-28.893442622950822
bed_bath_table,2018,5,238,56463.7999999999,347.0,-31.412103746397698
bed_bath_table,2018,6,372,91441.40000000042,238.0,56.30252100840336
bed_bath_table,2018,7,186,52677.290000000154,372.0,-50.0
bed_bath_table,2018,8,158,35019.29000000003,186.0,-15.053763440860216
books_general_interest,2017,1,2,57.64,,
books_general_interest,2017,3,5,330.87,2.0,150.0
books_general_interest,2017,4,2,1196.0,5.0,-60.0
books_general_interest,2017,5,8,1535.58,2.0,300.0
books_general_interest,2017,7,4,254.0,8.0,-50.0
books_general_interest,2017,8,6,577.36,4.0,50.0
books_general_interest,2017,10,4,612.56,6.0,-33.33333333333333
books_general_interest,2017,11,8,784.6,4.0,100.0
books_general_interest,2017,12,2,333.36,8.0,-75.0
books_general_interest,2018,2,1,83.36,2.0,-50.0
books_general_interest,2018,3,5,2948.76,1.0,400.0
books_general_interest,2018,4,1,57.89,5.0,-80.0
books_general_interest,2018,6,1,475.0,1.0,0.0
books_general_interest,2018,8,8,1997.1999999999998,1.0,700.0
books_imported,2017,11,2,615.0,,
books_imported,2017,12,12,1291.1999999999998,2.0,500.0
books_imported,2018,2,4,430.4,12.0,-66.66666666666666
books_technical,2017,9,1,220.99,,
books_technical,2017,11,6,713.9399999999999,1.0,500.0
books_technical,2017,12,3,356.96999999999997,6.0,-50.0
books_technical,2018,1,2,355.33000000000004,3.0,-33.33333333333333
books_technical,2018,3,1,639.0,2.0,-50.0
books_technical,2018,4,12,630.88,1.0,1100.0
books_technical,2018,5,89,12050.169999999986,12.0,641.6666666666667
books_technical,2018,6,11,1594.89,89.0,-87.64044943820225
books_technical,2018,7,11,1594.89,11.0,0.0
christmas_supplies,2017,9,1,10.49,,
christmas_supplies,2017,10,1,692.0,1.0,0.0
christmas_supplies,2017,11,1,109.6,1.0,0.0
christmas_supplies,2018,3,1,100.0,1.0,0.0
christmas_supplies,2018,8,1,449.5,1.0,0.0
cine_photo,2017,11,1,115.2,,
cine_photo,2018,2,1,206.57,1.0,0.0
cine_photo,2018,8,1,319.29,1.0,0.0
computers,2017,8,4,1055.6,,
computers,2017,9,8,273.64,4.0,100.0
computers,2017,10,4,2519.96,8.0,-50.0
computers,2017,12,4,172.84,4.0,0.0
computers,2018,1,63,11836.439999999951,4.0,1475.0
computers,2018,4,9,9503.099999999999,63.0,-85.71428571428571
computers,2018,5,2,2111.8,9.0,-77.77777777777779
computers,2018,6,2,2111.8,2.0,0.0
computers,2018,7,9,2474.5499999999997,2.0,350.0
computers,2018,8,1,69.86,9.0,-88.88888888888889
computers_accessories,2016,10,5,3169.1,,
computers_accessories,2017,1,1,111.27,5.0,-80.0
computers_accessories,2017,2,36,2814.7499999999986,1.0,3500.0
computers_accessories,2017,3,139,28159.13999999999,36.0,286.11111111111114
computers_accessories,2017,4,543,78172.83000000044,139.0,290.6474820143885
computers_accessories,2017,5,81,15448.699999999988,543.0,-85.0828729281768
computers_accessories,2017,6,303,54270.80999999995,81.0,274.0740740740741
computers_accessories,2017,7,512,38408.34999999997,303.0,68.97689768976898
computers_accessories,2017,8,500,106164.11000000076,512.0,-2.34375
computers_accessories,2017,9,479,100174.21000000062,500.0,-4.2
computers_accessories,2017,10,663,254773.77999999787,479.0,38.413361169102295
computers_accessories,2017,11,1153,163419.1999999982,663.0,73.90648567119156
computers_accessories,2017,12,518,70157.77000000057,1153.0,-55.07372072853426
computers_accessories,2018,1,4601,610516.149999978,518.0,788.2239382239383
computers_accessories,2018,2,3299,321838.7399999974,4601.0,-28.298196044338187
computers_accessories,2018,3,3132,738283.9300000094,3299.0,-5.062140042437102
computers_accessories,2018,4,3179,528291.0900000306,3132.0,1.5006385696040867
computers_accessories,2018,5,1632,268124.8599999952,3179.0,-48.663101604278076
computers_accessories,2018,6,1963,729977.9799999923,1632.0,20.28186274509804
computers_accessories,2018,7,1721,681319.020000007,1963.0,-12.328069281711667
computers_accessories,2018,8,910,522175.9600000074,1721.0,-47.12376525276002
consoles_games,2016,10,1,83.36,,
consoles_games,2017,1,1,399.2,1.0,0.0
consoles_games,2017,3,32,26903.850000000002,1.0,3100.0
consoles_games,2017,5,26,3383.76,32.0,-18.75
consoles_games,2017,6,1,8.65,26.0,-96.15384615384616
consoles_games,2017,8,17,1836.8999999999992,1.0,1600.0
consoles_games,2017,9,2,85.78,17.0,-88.23529411764706
consoles_games,2017,10,13,880.8999999999997,2.0,550.0
consoles_games,2017,11,5,762.9599999999999,13.0,-61.53846153846154
consoles_games,2017,12,17,1699.1399999999999,5.0,240.0
consoles_games,2018,1,15,1981.0699999999997,17.0,-11.76470588235294
consoles_games,2018,2,9,1122.1599999999999,15.0,-40.0
consoles_games,2018,3,15,884.0600000000002,9.0,66.66666666666666
consoles_games,2018,4,5,628.8800000000001,15.0,-66.66666666666666
consoles_games,2018,5,22,2140.28,5.0,340.0
consoles_games,2018,6,7,1807.3999999999996,22.0,-68.18181818181817
consoles_games,2018,7,23,4937.449999999999,7.0,228.57142857142856
consoles_games,2018,8,6,1383.6200000000001,23.0,-73.91304347826086
construction_tools_construction,2017,8,1,109.03,,
construction_tools_construction,2017,9,1,820.05,1.0,0.0
construction_tools_construction,2017,10,1,395.6,1.0,0.0
construction_tools_construction,2017,11,4,2531.56,1.0,300.0
construction_tools_construction,2017,12,2,1069.56,4.0,-50.0
construction_tools_construction,2018,1,18,2085.05,2.0,800.0
construction_tools_construction,2018,2,66,15428.719999999987,18.0,266.66666666666663
construction_tools_construction,2018,3,13,1117.36,66.0,-80.3030303030303
construction_tools_construction,2018,4,34,3559.7500000000005,13.0,161.53846153846155
construction_tools_construction,2018,5,41,29742.089999999993,34.0,20.588235294117645
construction_tools_construction,2018,6,81,48285.11999999998,41.0,97.5609756097561
construction_tools_construction,2018,7,62,6371.920000000001,81.0,-23.456790123456788
construction_tools_construction,2018,8,64,21945.24,62.0,3.225806451612903
construction_tools_lights,2018,2,2,169.37,,
construction_tools_lights,2018,4,4,818.86,2.0,100.0
construction_tools_lights,2018,6,9,8515.0,4.0,125.0
construction_tools_lights,2018,7,6,545.56,9.0,-33.33333333333333
construction_tools_lights,2018,8,16,23339.5,6.0,166.66666666666669
construction_tools_safety,2018,2,1,759.0,,
construction_tools_safety,2018,3,1,1004.99,1.0,0.0
construction_tools_safety,2018,4,3,193.20000000000002,1.0,200.0
construction_tools_safety,2018,5,8,615.99,3.0,166.66666666666669
cool_stuff,2017,1,5,3123.75,,
cool_stuff,2017,2,47,3375.0399999999972,5.0,840.0
cool_stuff,2017,3,354,30951.359999999844,47.0,653.1914893617022
cool_stuff,2017,4,297,31509.499999999876,354.0,-16.101694915254235
cool_stuff,2017,5,711,73664.03000000007,297.0,139.3939393939394
cool_stuff,2017,6,470,69192.19000000002,711.0,-33.895921237693386
cool_stuff,2017,7,778,118264.96000000041,470.0,65.53191489361701
cool_stuff,2017,8,483,95105.73000000004,778.0,-37.91773778920309
cool_stuff,2017,9,249,50658.08000000004,483.0,-48.4472049689441
cool_stuff,2017,10,205,31689.41000000011,249.0,-17.670682730923694
cool_stuff,2017,11,254,50723.28000000015,205.0,23.902439024390244
cool_stuff,2017,12,236,41205.05999999992,254.0,-7.086614173228346
cool_stuff,2018,1,193,21715.059999999972,236.0,-18.220338983050848
cool_stuff,2018,2,173,40262.86999999998,193.0,-10.362694300518134
cool_stuff,2018,3,83,6302.509999999998,173.0,-52.02312138728323
cool_stuff,2018,4,180,64928.00999999977,83.0,116.86746987951808
cool_stuff,2018,5,24,3870.1499999999987,180.0,-86.66666666666667
cool_stuff,2018,6,43,9104.69,24.0,79.16666666666666
cool_stuff,2018,7,22,5542.58,43.0,-48.837209302325576
cool_stuff,2018,8,57,14662.809999999989,22.0,159.0909090909091
costruction_tools_garden,2017,4,9,1565.8300000000002,,
costruction_tools_garden,2017,5,8,995.4400000000003,9.0,-11.11111111111111
costruction_tools_garden,2017,8,6,1638.24,8.0,-25.0
costruction_tools_garden,2017,11,10,1402.1,6.0,66.66666666666666
costruction_tools_garden,2018,1,1,93.5,10.0,-90.0
costruction_tools_garden,2018,2,3,317.6,1.0,200.0
costruction_tools_garden,2018,3,3,2229.88,3.0,0.0
costruction_tools_garden,2018,4,2,128.8,3.0,-33.33333333333333
costruction_tools_garden,2018,6,1,136.89,2.0,-50.0
costruction_tools_garden,2018,7,4,339.70000000000005,1.0,300.0
costruction_tools_garden,2018,8,8,389.19999999999993,4.0,100.0
costruction_tools_tools,2017,11,7,5740.35,,
costruction_tools_tools,2017,12,14,11480.699999999997,7.0,100.0
costruction_tools_tools,2018,1,14,11480.699999999997,14.0,0.0
costruction_tools_tools,2018,2,7,5740.35,14.0,-50.0
costruction_tools_tools,2018,3,15,5836.110000000002,7.0,114.28571428571428
costruction_tools_tools,2018,4,1,579.0,15.0,-93.33333333333333
costruction_tools_tools,2018,6,4,2480.4,1.0,300.0
costruction_tools_tools,2018,7,5,2559.13,4.0,25.0
costruction_tools_tools,2018,8,52,4584.600000000005,5.0,940.0
drinks,2017,3,1,18.04,,
drinks,2017,8,1,129.46,1.0,0.0
drinks,2017,9,1,116.11,1.0,0.0
drinks,2017,10,8,2116.0,1.0,700.0
drinks,2017,12,9,6177.879999999998,8.0,12.5
drinks,2018,1,5,579.29,9.0,-44.44444444444444
drinks,2018,3,1,679.0,5.0,-80.0
drinks,2018,4,5,859.92,1.0,400.0
drinks,2018,5,1,109.9,5.0,-80.0
drinks,2018,6,2,425.5,1.0,100.0
drinks,2018,7,1,692.0,2.0,-50.0
dvds_blu_ray,2017,3,1,181.56,,
dvds_blu_ray,2017,5,1,820.05,1.0,0.0
dvds_blu_ray,2017,12,1,849.5,1.0,0.0
dvds_blu_ray,2018,6,4,1900.0,1.0,300.0
electronics,2017,2,24,6753.839999999998,,
electronics,2017,3,2,208.8,24.0,-91.66666666666666
electronics,2017,4,2,208.8,2.0,0.0
electronics,2017,5,8,1537.46,2.0,300.0
electronics,2017,7,2,860.0,8.0,-75.0
electronics,2017,8,12,882.1300000000001,2.0,500.0
electronics,2017,9,15,1879.6500000000003,12.0,25.0
electronics,2017,10,45,6126.87,15.0,200.0
electronics,2017,11,33,8563.300000000001,45.0,-26.666666666666668
electronics,2017,12,83,7752.360000000013,33.0,151.5151515151515
electronics,2018,1,215,22489.86,83.0,159.03614457831324
electronics,2018,2,218,14409.689999999988,215.0,1.3953488372093024
electronics,2018,3,126,16396.61999999998,218.0,-42.201834862385326
electronics,2018,4,84,10222.25999999999,126.0,-33.33333333333333
electronics,2018,5,212,20372.709999999937,84.0,152.38095238095238
electronics,2018,6,113,13736.98999999997,212.0,-46.69811320754717
electronics,2018,7,127,8449.610000000006,113.0,12.389380530973451
electronics,2018,8,26,6193.4400000000005,127.0,-79.52755905511812
fashio_female_clothing,2017,2,1,159.9,,
fashio_female_clothing,2017,3,1,42.89,1.0,0.0
fashio_female_clothing,2017,6,1,395.6,1.0,0.0
fashion_bags_accessories,2016,10,2,397.0,,
fashion_bags_accessories,2017,2,9,1276.02,2.0,350.0
fashion_bags_accessories,2017,3,15,2160.959999999999,9.0,66.66666666666666
fashion_bags_accessories,2017,4,1,399.2,15.0,-93.33333333333333
fashion_bags_accessories,2017,5,16,4208.19,1.0,1500.0
fashion_bags_accessories,2017,6,15,2323.2,16.0,-6.25
fashion_bags_accessories,2017,7,4,1203.36,15.0,-73.33333333333333
fashion_bags_accessories,2017,8,25,5289.579999999999,4.0,525.0
fashion_bags_accessories,2017,9,33,20364.28,25.0,32.0
fashion_bags_accessories,2017,10,25,2781.8100000000004,33.0,-24.242424242424242
fashion_bags_accessories,2017,11,13,2681.05,25.0,-48.0
fashion_bags_accessories,2017,12,41,10496.739999999998,13.0,215.3846153846154
fashion_bags_accessories,2018,1,15,4015.71,41.0,-63.41463414634146
fashion_bags_accessories,2018,2,14,4616.999999999999,15.0,-6.666666666666667
fashion_bags_accessories,2018,3,40,20959.89,14.0,185.71428571428572
fashion_bags_accessories,2018,4,25,13645.529999999995,40.0,-37.5
fashion_bags_accessories,2018,5,36,16026.210000000001,25.0,44.0
fashion_bags_accessories,2018,6,13,3873.9,36.0,-63.888888888888886
fashion_bags_accessories,2018,7,53,14549.019999999993,13.0,307.69230769230774
fashion_bags_accessories,2018,8,21,5028.539999999999,53.0,-60.37735849056604
fashion_male_clothing,2017,3,1,395.6,,
fashion_male_clothing,2017,4,1,127.77,1.0,0.0
fashion_male_clothing,2017,6,2,178.2,1.0,100.0
fashion_male_clothing,2017,7,1,19.04,2.0,-50.0
fashion_male_clothing,2017,8,3,688.19,1.0,200.0
fashion_male_clothing,2017,10,1,17.6,3.0,-66.66666666666666
fashion_male_clothing,2017,12,1,288.02,1.0,0.0
fashion_male_clothing,2018,6,1,749.9,1.0,0.0
fashion_male_clothing,2018,8,1,89.1,1.0,0.0
fashion_shoes,2017,2,1,109.82,,
fashion_shoes,2017,3,3,979.1999999999999,1.0,200.0
fashion_shoes,2017,4,1,150.82,3.0,-66.66666666666666
fashion_shoes,2017,5,5,2086.09,1.0,400.0
fashion_shoes,2017,6,2,1640.1,5.0,-60.0
fashion_shoes,2017,7,1,260.99,2.0,-50.0
fashion_shoes,2017,8,1,419.9,1.0,0.0
fashion_shoes,2017,10,1,261.0,1.0,0.0
fashion_shoes,2017,11,3,1101.1399999999999,1.0,200.0
fashion_shoes,2018,1,1,261.0,3.0,-66.66666666666666
fashion_shoes,2018,3,1,56.89,1.0,0.0
fashion_shoes,2018,5,1,89.99,1.0,0.0
fashion_shoes,2018,7,1,128.99,1.0,0.0
fashion_sport,2017,6,1,95.03,,
fashion_underwear_beach,2017,3,1,879.99,,
fashion_underwear_beach,2017,8,8,5536.0,1.0,700.0
fashion_underwear_beach,2017,9,8,5536.0,8.0,0.0
fashion_underwear_beach,2017,12,2,1019.98,8.0,-75.0
fashion_underwear_beach,2018,4,1,692.0,2.0,-50.0
fashion_underwear_beach,2018,5,2,1019.98,1.0,100.0
fixed_telephony,2017,2,1,83.36,,
fixed_telephony,2017,6,1,131.9,1.0,0.0
fixed_telephony,2017,10,2,313.72,1.0,100.0
fixed_telephony,2018,1,3,338.76,2.0,50.0
fixed_telephony,2018,2,6,2205.0,3.0,100.0
fixed_telephony,2018,3,1,849.5,6.0,-83.33333333333334
fixed_telephony,2018,4,1,17.95,1.0,0.0
fixed_telephony,2018,5,1,23.1,1.0,0.0
fixed_telephony,2018,6,3,530.95,1.0,200.0
fixed_telephony,2018,7,2,165.38,3.0,-33.33333333333333
fixed_telephony,2018,8,2,1193.99,2.0,0.0
flowers,2017,11,10,329.70000000000005,,
flowers,2018,1,5,164.85,10.0,-50.0
flowers,2018,2,5,3899.5,5.0,0.0
flowers,2018,3,5,42.45,5.0,0.0
food,2017,2,5,538.15,,
food,2017,3,10,1076.3,5.0,100.0
food,2017,6,5,538.15,10.0,-50.0
food,2017,8,5,538.15,5.0,0.0
food,2017,12,1,18.04,5.0,-80.0
food,2018,2,1,16.44,1.0,0.0
food,2018,5,2,3156.6,1.0,100.0
food,2018,6,2,678.0,2.0,0.0
food,2018,7,1,89.1,2.0,-50.0
food,2018,8,8,779.1099999999999,1.0,700.0
food_drink,2017,7,4,513.2,,
food_drink,2017,8,18,1845.3000000000004,4.0,350.0
food_drink,2017,9,7,886.8300000000002,18.0,-61.111111111111114
food_drink,2017,10,7,5669.829999999999,7.0,0.0
food_drink,2017,11,7,4595.599999999999,7.0,0.0
food_drink,2017,12,2,10.7,7.0,-71.42857142857143
food_drink,2018,1,3,143.75,2.0,50.0
food_drink,2018,3,1,44.95,3.0,-66.66666666666666
food_drink,2018,4,2,1681.56,1.0,100.0
food_drink,2018,5,29,13629.220000000001,2.0,1350.0
food_drink,2018,6,1,31.0,29.0,-96.55172413793103
food_drink,2018,7,1,161.0,1.0,0.0
furniture_bedroom,2017,2,2,81.7,,
furniture_bedroom,2017,5,4,1366.3,2.0,100.0
furniture_bedroom,2017,6,1,319.29,4.0,-75.0
furniture_bedroom,2017,7,3,1093.4,1.0,200.0
furniture_bedroom,2017,11,1,107.53,3.0,-66.66666666666666
furniture_bedroom,2018,3,2,257.98,1.0,100.0
furniture_bedroom,2018,4,2,257.98,2.0,0.0
furniture_decor,2016,10,7,3862.21,,
furniture_decor,2017,1,35,10593.45,7.0,400.0
furniture_decor,2017,2,110,108959.68,35.0,214.28571428571428
furniture_decor,2017,3,172,107736.68000000002,110.0,56.36363636363636
furniture_decor,2017,4,76,67846.96000000005,172.0,-55.81395348837209
furniture_decor,2017,5,225,147086.48999999993,76.0,196.05263157894737
furniture_decor,2017,6,106,77860.47000000018,225.0,-52.888888888888886
furniture_decor,2017,7,223,113600.99000000009,106.0,110.37735849056605
furniture_decor,2017,8,340,139163.5400000003,223.0,52.46636771300448
furniture_decor,2017,9,73,45254.47999999998,340.0,-78.52941176470588
furniture_decor,2017,10,93,40406.51999999999,73.0,27.397260273972602
furniture_decor,2017,11,384,193576.3600000004,93.0,312.9032258064516
furniture_decor,2017,12,185,85000.66000000002,384.0,-51.822916666666664
furniture_decor,2018,1,196,72846.54,185.0,5.9459459459459465
furniture_decor,2018,2,325,133153.06000000023,196.0,65.81632653061224
furniture_decor,2018,3,543,176464.57000000007,325.0,67.07692307692308
furniture_decor,2018,4,523,98154.83000000042,543.0,-3.683241252302026
furniture_decor,2018,5,451,125342.6400000006,523.0,-13.766730401529637
furniture_decor,2018,6,252,65739.33999999985,451.0,-44.12416851441242
furniture_decor,2018,7,347,72326.47000000019,252.0,37.698412698412696
furniture_decor,2018,8,272,59459.25000000004,347.0,-21.613832853025936
furniture_living_room,2017,1,6,2142.0,,
furniture_living_room,2017,2,1,357.0,6.0,-83.33333333333334
furniture_living_room,2017,5,9,3613.2000000000007,1.0,800.0
furniture_living_room,2017,6,18,5580.180000000002,9.0,100.0
furniture_living_room,2017,7,2,849.64,18.0,-88.88888888888889
furniture_living_room,2017,8,11,2531.34,2.0,450.0
furniture_living_room,2017,9,3,2030.91,11.0,-72.72727272727273
furniture_living_room,2017,10,9,4888.55,3.0,200.0
furniture_living_room,2017,11,5,365.56,9.0,-44.44444444444444
furniture_living_room,2017,12,5,2372.31,5.0,0.0
furniture_living_room,2018,2,5,2279.36,5.0,0.0
furniture_living_room,2018,3,12,792.9999999999998,5.0,140.0
furniture_living_room,2018,4,2,194.1,12.0,-83.33333333333334
furniture_living_room,2018,5,5,3814.3999999999996,2.0,150.0
furniture_living_room,2018,6,8,467.24,5.0,60.0
furniture_living_room,2018,7,14,4034.46,8.0,75.0
furniture_living_room,2018,8,2,167.62,14.0,-85.71428571428571
furniture_mattress_and_upholstery,2018,1,1,76.99,,
garden_tools,2017,1,7,6209.0,,
garden_tools,2017,2,48,6679.859999999993,7.0,585.7142857142857
garden_tools,2017,3,51,5393.349999999994,48.0,6.25
garden_tools,2017,4,226,95892.70000000006,51.0,343.1372549019608
garden_tools,2017,5,79,10965.019999999995,226.0,-65.04424778761062
garden_tools,2017,6,44,8260.179999999998,79.0,-44.303797468354425
garden_tools,2017,7,510,329758.2899999998,44.0,1059.0909090909092
garden_tools,2017,8,867,593704.3699999999,510.0,70.0
garden_tools,2017,9,552,375052.71000000066,867.0,-36.332179930795846
garden_tools,2017,10,1779,1202953.0900000008,552.0,222.2826086956522
garden_tools,2017,11,3196,6799114.750000002,1779.0,79.65148960089938
garden_tools,2017,12,1809,2790316.8700000606,3196.0,-43.397997496871085
garden_tools,2018,1,1097,520036.2999999947,1809.0,-39.35876174682144
garden_tools,2018,2,2788,2214259.7600000296,1097.0,154.14767547857795
garden_tools,2018,3,1922,7266939.750000262,2788.0,-31.061692969870876
garden_tools,2018,4,1871,7463820.290000288,1922.0,-2.653485952133195
garden_tools,2018,5,1911,6636504.450000302,1871.0,2.1378941742383755
garden_tools,2018,6,821,380431.10999999533,1911.0,-57.03819989534276
garden_tools,2018,7,293,159791.57000000024,821.0,-64.31181485992693
garden_tools,2018,8,187,94477.44000000019,293.0,-36.177474402730375
health_beauty,2016,10,22,12952.26,,
health_beauty,2017,1,24,2015.4300000000007,22.0,9.090909090909092
health_beauty,2017,2,959,126188.25000000132,24.0,3895.8333333333335
health_beauty,2017,3,736,123363.7399999998,959.0,-23.2533889468196
health_beauty,2017,4,925,113898.09000000094,736.0,25.679347826086957
health_beauty,2017,5,1349,194104.44000000015,925.0,45.83783783783784
health_beauty,2017,6,1816,303336.289999998,1349.0,34.6182357301705
health_beauty,2017,7,3424,758134.6100000009,1816.0,88.54625550660793
health_beauty,2017,8,2948,305050.48999999993,3424.0,-13.901869158878505
health_beauty,2017,9,2289,169931.38999999434,2948.0,-22.354138398914518
health_beauty,2017,10,2820,380577.36999999324,2289.0,23.197903014416777
health_beauty,2017,11,4086,676020.4999999893,2820.0,44.8936170212766
health_beauty,2017,12,2312,385139.0400000096,4086.0,-43.41654429760157
health_beauty,2018,1,2646,498285.9800000095,2312.0,14.446366782006919
health_beauty,2018,2,1391,254589.9599999992,2646.0,-47.43008314436886
health_beauty,2018,3,1426,208308.81999999925,1391.0,2.516175413371675
health_beauty,2018,4,1536,135963.06000000212,1426.0,7.713884992987377
health_beauty,2018,5,1922,151037.9900000043,1536.0,25.130208333333332
health_beauty,2018,6,1796,131974.7599999991,1922.0,-6.555671175858481
health_beauty,2018,7,1544,128826.24999999921,1796.0,-14.03118040089087
health_beauty,2018,8,1345,82981.9999999985,1544.0,-12.888601036269431
home_appliances,2017,2,16,5861.38,,
home_appliances,2017,4,26,10921.819999999996,16.0,62.5
home_appliances,2017,5,69,18073.41999999999,26.0,165.3846153846154
home_appliances,2017,6,114,17649.47999999995,69.0,65.21739130434783
home_appliances,2017,7,52,17589.809999999998,114.0,-54.385964912280706
home_appliances,2017,8,47,4642.3099999999995,52.0,-9.615384615384617
home_appliances,2017,9,19,1413.9100000000005,47.0,-59.57446808510638
home_appliances,2017,11,14,3360.3,19.0,-26.31578947368421
home_appliances,2018,1,16,1420.37,14.0,14.285714285714285
home_appliances,2018,2,45,3767.1699999999973,16.0,181.25
home_appliances,2018,3,97,7644.580000000008,45.0,115.55555555555554
home_appliances,2018,4,50,4052.4799999999996,97.0,-48.45360824742268
home_appliances,2018,5,2,63.52,50.0,-96.0
home_appliances,2018,6,35,12254.929999999986,2.0,1650.0
home_appliances,2018,7,6,659.25,35.0,-82.85714285714286
home_appliances,2018,8,3,1005.43,6.0,-50.0
home_appliances_2,2017,1,5,53.0,,
home_appliances_2,2017,7,2,386.5,5.0,-60.0
home_appliances_2,2017,8,11,1487.1999999999998,2.0,450.0
home_appliances_2,2017,10,1,399.2,11.0,-90.9090909090909
home_appliances_2,2017,11,2,386.5,1.0,100.0
home_appliances_2,2018,1,9,730.4299999999998,2.0,350.0
home_appliances_2,2018,2,27,3401.480000000002,9.0,200.0
home_appliances_2,2018,4,11,2786.98,27.0,-59.25925925925925
home_appliances_2,2018,5,5,1947.1000000000001,11.0,-54.54545454545454
home_appliances_2,2018,6,12,3555.48,5.0,140.0
home_appliances_2,2018,7,8,1018.4500000000002,12.0,-33.33333333333333
home_appliances_2,2018,8,18,5918.160000000002,8.0,125.0
home_confort,2017,4,1,45.83,,
home_confort,2017,5,6,546.72,1.0,500.0
home_confort,2017,6,6,238.49,6.0,0.0
home_confort,2017,7,2,1909.35,6.0,-66.66666666666666
home_confort,2017,8,9,2407.09,2.0,350.0
home_confort,2017,10,1,115.32,9.0,-88.88888888888889
home_confort,2018,1,3,1007.97,1.0,200.0
home_confort,2018,2,12,1863.2399999999998,3.0,300.0
home_confort,2018,4,1,128.99,12.0,-91.66666666666666
home_confort,2018,7,1,128.99,1.0,0.0
home_confort,2018,8,2,210.35,1.0,100.0
home_construction,2017,2,1,537.99,,
home_construction,2017,10,6,2069.04,1.0,500.0
home_construction,2017,11,40,5081.5599999999995,6.0,566.6666666666667
home_construction,2018,1,3,1954.54,40.0,-92.5
home_construction,2018,2,16,2381.6299999999974,3.0,433.3333333333333
home_construction,2018,3,15,4760.91,16.0,-6.25
home_construction,2018,4,32,3790.149999999996,15.0,113.33333333333333
home_construction,2018,5,8,4272.25,32.0,-75.0
home_construction,2018,6,5,383.52,8.0,-37.5
home_construction,2018,7,19,4154.9,5.0,280.0
home_construction,2018,8,4,176.96,19.0,-78.94736842105263
housewares,2016,10,15,432.29999999999995,,
housewares,2017,1,28,2069.200000000001,15.0,86.66666666666667
housewares,2017,2,40,5579.330000000001,28.0,42.857142857142854
housewares,2017,3,43,3954.439999999999,40.0,7.5
housewares,2017,4,47,9502.059999999996,43.0,9.30232558139535
housewares,2017,5,97,19537.770000000004,47.0,106.38297872340425
housewares,2017,6,82,17989.140000000003,97.0,-15.463917525773196
housewares,2017,7,129,25996.099999999948,82.0,57.3170731707317
housewares,2017,8,122,35199.98,129.0,-5.426356589147287
housewares,2017,9,100,24998.05000000002,122.0,-18.0327868852459
housewares,2017,10,84,23761.499999999978,100.0,-16.0
housewares,2017,11,143,22216.47000000001,84.0,70.23809523809523
housewares,2017,12,116,53194.65000000004,143.0,-18.88111888111888
housewares,2018,1,112,31745.00000000003,116.0,-3.4482758620689653
housewares,2018,2,158,72171.53999999996,112.0,41.07142857142857
housewares,2018,3,82,18365.92,158.0,-48.10126582278481
housewares,2018,4,210,150316.34000000003,82.0,156.09756097560975
housewares,2018,5,198,55075.07000000001,210.0,-5.714285714285714
housewares,2018,6,144,17856.199999999993,198.0,-27.27272727272727
housewares,2018,7,114,22481.510000000002,144.0,-20.833333333333336
housewares,2018,8,90,43266.80000000001,114.0,-21.052631578947366
industry_commerce_and_business,2017,2,1,159.9,,
industry_commerce_and_business,2018,2,30,15047.140000000003,1.0,2900.0
industry_commerce_and_business,2018,3,14,862.1000000000001,30.0,-53.333333333333336
industry_commerce_and_business,2018,4,22,748.0,14.0,57.14285714285714
industry_commerce_and_business,2018,5,33,1248.7200000000003,22.0,50.0
industry_commerce_and_business,2018,6,33,1248.7200000000003,33.0,0.0
industry_commerce_and_business,2018,7,1,95.0,33.0,-96.96969696969697
kitchen_dining_laundry_garden_furniture,2017,2,1,820.05,,
kitchen_dining_laundry_garden_furniture,2017,3,1,387.0,1.0,0.0
kitchen_dining_laundry_garden_furniture,2017,4,1,31.46,1.0,0.0
kitchen_dining_laundry_garden_furniture,2017,5,1,42.89,1.0,0.0
kitchen_dining_laundry_garden_furniture,2017,8,5,2268.5,1.0,400.0
kitchen_dining_laundry_garden_furniture,2017,10,1,778.0,5.0,-80.0
kitchen_dining_laundry_garden_furniture,2017,11,15,2757.8799999999997,1.0,1400.0
kitchen_dining_laundry_garden_furniture,2017,12,5,312.25,15.0,-66.66666666666666
kitchen_dining_laundry_garden_furniture,2018,1,3,1062.22,5.0,-40.0
kitchen_dining_laundry_garden_furniture,2018,2,1,60.09,3.0,-66.66666666666666
kitchen_dining_laundry_garden_furniture,2018,3,5,312.25,1.0,400.0
kitchen_dining_laundry_garden_furniture,2018,4,2,35.0,5.0,-60.0
kitchen_dining_laundry_garden_furniture,2018,6,2,142.5,2.0,0.0
kitchen_dining_laundry_garden_furniture,2018,7,3,321.88,2.0,50.0
kitchen_dining_laundry_garden_furniture,2018,8,1,509.99,3.0,-66.66666666666666
la_cuisine,2017,7,1,91.33,,
luggage_accessories,2017,2,57,20288.38,,
luggage_accessories,2017,4,1,692.0,57.0,-98.24561403508771
luggage_accessories,2017,6,20,3970.0,1.0,1900.0
luggage_accessories,2017,7,23,4080.0299999999997,20.0,15.0
luggage_accessories,2017,8,7,1399.8000000000002,23.0,-69.56521739130434
luggage_accessories,2017,9,1,107.63,7.0,-85.71428571428571
luggage_accessories,2017,10,27,4581.1900000000005,1.0,2600.0
luggage_accessories,2017,11,8,3216.5,27.0,-70.37037037037037
luggage_accessories,2017,12,17,5198.0,8.0,112.5
luggage_accessories,2018,1,14,2672.13,17.0,-17.647058823529413
luggage_accessories,2018,2,5,1064.75,14.0,-64.28571428571429
luggage_accessories,2018,3,13,6714.69,5.0,160.0
luggage_accessories,2018,4,6,6229.4,13.0,-53.84615384615385
luggage_accessories,2018,5,4,6073.75,6.0,-33.33333333333333
luggage_accessories,2018,6,5,247.95999999999998,4.0,25.0
luggage_accessories,2018,7,3,220.05,5.0,-40.0
luggage_accessories,2018,8,18,1432.6999999999998,3.0,500.0
market_place,2016,10,2,75.68,,
market_place,2017,2,13,6260.950000000002,2.0,550.0
market_place,2017,3,1,420.07,13.0,-92.3076923076923
market_place,2017,4,8,81.27999999999999,1.0,700.0
market_place,2017,5,13,8575.869999999999,8.0,62.5
market_place,2017,6,8,81.27999999999999,13.0,-38.46153846153847
market_place,2017,7,6,230.87999999999997,8.0,-25.0
market_place,2017,8,40,3726.5599999999977,6.0,566.6666666666667
market_place,2017,9,10,2083.2799999999997,40.0,-75.0
market_place,2017,10,8,2232.88,10.0,-20.0
market_place,2017,11,9,831.18,8.0,12.5
market_place,2017,12,1,399.2,9.0,-88.88888888888889
market_place,2018,1,15,3011.7000000000003,1.0,1400.0
market_place,2018,2,18,4291.589999999999,15.0,20.0
market_place,2018,3,10,1160.21,18.0,-44.44444444444444
market_place,2018,7,1,37.89,10.0,-90.0
music,2018,8,1,23.1,,
musical_instruments,2017,2,4,338.2,,
musical_instruments,2017,4,8,1273.52,4.0,100.0
musical_instruments,2017,5,2,1640.1,8.0,-75.0
musical_instruments,2017,6,3,170.67000000000002,2.0,50.0
musical_instruments,2017,7,2,88.69999999999999,3.0,-33.33333333333333
musical_instruments,2017,9,2,794.9499999999999,2.0,0.0
musical_instruments,2017,10,1,692.0,2.0,-50.0
musical_instruments,2017,11,15,2267.88,1.0,1400.0
musical_instruments,2017,12,13,1404.5000000000002,15.0,-13.333333333333334
musical_instruments,2018,1,5,3916.1899999999996,13.0,-61.53846153846154
musical_instruments,2018,2,2,569.0,5.0,-60.0
musical_instruments,2018,3,9,843.08,2.0,350.0
musical_instruments,2018,4,17,1499.4900000000005,9.0,88.88888888888889
musical_instruments,2018,5,8,4717.1,17.0,-52.94117647058824
musical_instruments,2018,6,11,4960.8099999999995,8.0,37.5
musical_instruments,2018,7,15,2278.45,11.0,36.36363636363637
musical_instruments,2018,8,3,1672.0,15.0,-80.0
office_furniture,2017,1,15,4905.0,,
office_furniture,2017,2,121,21951.73000000001,15.0,706.6666666666666
office_furniture,2017,3,47,9117.709999999997,121.0,-61.15702479338842
office_furniture,2017,4,114,96177.36000000015,47.0,142.5531914893617
office_furniture,2017,5,36,12982.960000000001,114.0,-68.42105263157895
office_furniture,2017,6,33,13935.0,36.0,-8.333333333333332
office_furniture,2017,7,40,6546.529999999994,33.0,21.21212121212121
office_furniture,2017,8,61,40152.630000000005,40.0,52.5
office_furniture,2017,9,22,5282.76,61.0,-63.934426229508205
office_furniture,2017,10,132,59493.38,22.0,500.0
office_furniture,2017,11,154,201924.49000000028,132.0,16.666666666666664
office_furniture,2017,12,21,1633.5499999999997,154.0,-86.36363636363636
office_furniture,2018,1,215,23544.000000000044,21.0,923.8095238095237
office_furniture,2018,2,266,22579.419999999907,215.0,23.72093023255814
office_furniture,2018,3,226,97449.39999999997,266.0,-15.037593984962406
office_furniture,2018,4,186,25101.989999999972,226.0,-17.699115044247787
office_furniture,2018,5,266,135495.99000000017,186.0,43.01075268817204
office_furniture,2018,6,101,13965.339999999997,266.0,-62.03007518796993
office_furniture,2018,7,72,4939.150000000003,101.0,-28.71287128712871
office_furniture,2018,8,31,1805.0699999999995,72.0,-56.94444444444444
party_supplies,2017,11,1,260.0,,
party_supplies,2018,5,1,137.88,1.0,0.0
party_supplies,2018,7,1,86.32,1.0,0.0
party_supplies,2018,8,2,448.88,1.0,100.0
perfumery,2016,10,35,3234.090000000001,,
perfumery,2017,1,4,1641.18,35.0,-88.57142857142857
perfumery,2017,2,1,692.0,4.0,-75.0
perfumery,2017,3,119,24583.479999999996,1.0,11800.0
perfumery,2017,4,69,9168.390000000009,119.0,-42.016806722689076
perfumery,2017,5,116,15304.059999999989,69.0,68.11594202898551
perfumery,2017,6,346,40469.25,116.0,198.27586206896552
perfumery,2017,7,172,20010.879999999994,346.0,-50.28901734104046
perfumery,2017,8,161,18704.269999999997,172.0,-6.395348837209303
perfumery,2017,9,413,50519.2199999998,161.0,156.52173913043478
perfumery,2017,10,408,49925.60999999985,413.0,-1.2106537530266344
perfumery,2017,11,600,79072.75999999933,408.0,47.05882352941176
perfumery,2017,12,728,101098.92999999899,600.0,21.333333333333336
perfumery,2018,1,184,21325.580000000034,728.0,-74.72527472527473
perfumery,2018,2,83,10141.910000000007,184.0,-54.891304347826086
perfumery,2018,3,115,16635.950000000033,83.0,38.55421686746988
perfumery,2018,4,68,12335.140000000007,115.0,-40.869565217391305
perfumery,2018,5,10,1663.83,68.0,-85.29411764705883
perfumery,2018,6,20,5225.690000000001,10.0,100.0
perfumery,2018,7,156,41521.38999999985,20.0,680.0
perfumery,2018,8,78,43373.459999999825,156.0,-50.0
pet_shop,2017,1,5,279.15,,
pet_shop,2017,2,14,3304.5499999999997,5.0,180.0
pet_shop,2017,3,5,279.15,14.0,-64.28571428571429
pet_shop,2017,4,20,2780.12,5.0,300.0
pet_shop,2017,5,15,3359.1600000000003,20.0,-25.0
pet_shop,2017,6,27,3914.189999999999,15.0,80.0
pet_shop,2017,7,35,6359.18,27.0,29.629629629629626
pet_shop,2017,8,54,7636.109999999999,35.0,54.285714285714285
pet_shop,2017,9,36,6986.640000000005,54.0,-33.33333333333333
pet_shop,2017,10,16,1677.1299999999997,36.0,-55.55555555555556
pet_shop,2017,11,6,2212.2,16.0,-62.5
pet_shop,2017,12,26,9179.519999999997,6.0,333.33333333333337
pet_shop,2018,1,14,1272.16,26.0,-46.15384615384615
pet_shop,2018,2,36,6501.019999999999,14.0,157.14285714285714
pet_shop,2018,3,30,10980.939999999991,36.0,-16.666666666666664
pet_shop,2018,4,47,59621.98000000005,30.0,56.666666666666664
pet_shop,2018,5,41,10174.640000000001,47.0,-12.76595744680851
pet_shop,2018,6,50,20296.949999999993,41.0,21.951219512195124
pet_shop,2018,7,53,26386.31,50.0,6.0
pet_shop,2018,8,66,40573.12000000001,53.0,24.528301886792452
signaling_and_security,2017,7,1,107.54,,
signaling_and_security,2017,11,3,479.97,1.0,200.0
signaling_and_security,2018,1,1,692.0,3.0,-66.66666666666666
signaling_and_security,2018,2,1,145.2,1.0,0.0
signaling_and_security,2018,4,4,793.68,1.0,300.0
signaling_and_security,2018,6,8,336.28,4.0,100.0
signaling_and_security,2018,7,2,896.49,8.0,-75.0
small_appliances,2017,1,1,26.77,,
small_appliances,2017,2,3,449.27,1.0,200.0
small_appliances,2017,3,14,12201.240000000002,3.0,366.66666666666663
small_appliances,2017,6,6,1637.6,14.0,-57.14285714285714
small_appliances,2017,7,4,1610.94,6.0,-33.33333333333333
small_appliances,2017,9,6,413.0,4.0,50.0
small_appliances,2017,10,3,249.38,6.0,-50.0
small_appliances,2017,11,1,9.57,3.0,-66.66666666666666
small_appliances,2017,12,6,195.32,1.0,500.0
small_appliances,2018,1,2,1028.0,6.0,-66.66666666666666
small_appliances,2018,2,3,179.0,2.0,50.0
small_appliances,2018,3,17,2468.53,3.0,466.6666666666667
small_appliances,2018,4,20,7008.709999999999,17.0,17.647058823529413
small_appliances,2018,5,23,1889.3100000000002,20.0,15.0
small_appliances,2018,6,7,4614.82,23.0,-69.56521739130434
small_appliances,2018,7,2,538.99,7.0,-71.42857142857143
small_appliances,2018,8,18,2673.5600000000004,2.0,800.0
small_appliances_home_oven_and_coffee,2017,9,1,95.74,,
small_appliances_home_oven_and_coffee,2018,3,1,320.99,1.0,0.0
small_appliances_home_oven_and_coffee,2018,4,2,139.72,1.0,100.0
small_appliances_home_oven_and_coffee,2018,5,2,93.1,2.0,0.0
small_appliances_home_oven_and_coffee,2018,7,1,218.0,2.0,-50.0
small_appliances_home_oven_and_coffee,2018,8,1,469.99,1.0,0.0
sports_leisure,2016,10,9,968.1000000000001,,
sports_leisure,2017,1,69,12827.980000000005,9.0,666.6666666666667
sports_leisure,2017,2,48,11965.140000000007,69.0,-30.434782608695656
sports_leisure,2017,3,75,14573.190000000008,48.0,56.25
sports_leisure,2017,4,47,11506.090000000002,75.0,-37.333333333333336
sports_leisure,2017,5,211,28760.10999999993,47.0,348.936170212766
sports_leisure,2017,6,372,62638.98999999995,211.0,76.30331753554502
sports_leisure,2017,7,704,124159.53999999998,372.0,89.24731182795699
sports_leisure,2017,8,638,97843.64999999963,704.0,-9.375
sports_leisure,2017,9,659,134868.5299999999,638.0,3.2915360501567394
sports_leisure,2017,10,418,136869.37999999986,659.0,-36.57056145675266
sports_leisure,2017,11,280,52791.410000000054,418.0,-33.014354066985646
sports_leisure,2017,12,206,49738.31999999996,280.0,-26.42857142857143
sports_leisure,2018,1,259,46490.19000000006,206.0,25.728155339805824
sports_leisure,2018,2,344,118113.4500000001,259.0,32.818532818532816
sports_leisure,2018,3,397,105542.22000000015,344.0,15.406976744186046
sports_leisure,2018,4,191,55092.40000000004,397.0,-51.88916876574308
sports_leisure,2018,5,186,45193.650000000016,191.0,-2.6178010471204187
sports_leisure,2018,6,243,33043.579999999914,186.0,30.64516129032258
sports_leisure,2018,7,267,49175.509999999966,243.0,9.876543209876543
sports_leisure,2018,8,191,54885.34999999997,267.0,-28.46441947565543
stationery,2017,1,1,169.99,,
stationery,2017,2,1,18.04,1.0,0.0
stationery,2017,3,5,2124.8999999999996,1.0,400.0
stationery,2017,4,11,2103.59,5.0,120.0
stationery,2017,5,28,5196.379999999998,11.0,154.54545454545453
stationery,2017,6,14,8714.339999999998,28.0,-50.0
stationery,2017,7,18,5729.9400000000005,14.0,28.57142857142857
stationery,2017,8,15,10544.24,18.0,-16.666666666666664
stationery,2017,9,29,5516.049999999999,15.0,93.33333333333333
stationery,2017,10,40,20656.519999999997,29.0,37.93103448275862
stationery,2017,11,62,12844.390000000007,40.0,55.00000000000001
stationery,2017,12,33,11657.2,62.0,-46.774193548387096
stationery,2018,1,94,17261.550000000007,33.0,184.84848484848484
stationery,2018,2,52,18854.72,94.0,-44.680851063829785
stationery,2018,3,15,11251.899999999998,52.0,-71.15384615384616
stationery,2018,4,37,12970.46,15.0,146.66666666666666
stationery,2018,5,45,10816.31,37.0,21.62162162162162
stationery,2018,6,47,8662.179999999997,45.0,4.444444444444445
stationery,2018,7,80,19410.929999999993,47.0,70.2127659574468
stationery,2018,8,33,9633.45,80.0,-58.75
tablets_printing_image,2017,3,18,2258.28,,
tablets_printing_image,2017,4,14,1756.4400000000003,18.0,-22.22222222222222
tablets_printing_image,2017,5,17,2132.82,14.0,21.428571428571427
tablets_printing_image,2017,10,6,752.76,17.0,-64.70588235294117
tablets_printing_image,2017,11,9,512.01,6.0,50.0
tablets_printing_image,2017,12,21,1194.6900000000003,9.0,133.33333333333331
tablets_printing_image,2018,1,6,5279.94,21.0,-71.42857142857143
tablets_printing_image,2018,2,18,8311.5,6.0,200.0
tablets_printing_image,2018,3,9,6525.0,18.0,-50.0
tablets_printing_image,2018,4,6,5279.94,9.0,-33.33333333333333
tablets_printing_image,2018,6,9,258.29999999999995,6.0,50.0
telephony,2017,1,26,60980.0,,
telephony,2017,2,41,116347.49,26.0,57.692307692307686
telephony,2017,3,48,117140.13,41.0,17.073170731707318
telephony,2017,4,71,175298.91000000003,48.0,47.91666666666667
telephony,2017,5,98,178716.63,71.0,38.028169014084504
telephony,2017,6,58,62063.95000000004,98.0,-40.816326530612244
telephony,2017,7,37,60444.22000000001,58.0,-36.206896551724135
telephony,2017,8,45,108585.47000000002,37.0,21.62162162162162
telephony,2017,9,169,540439.79,45.0,275.55555555555554
telephony,2017,10,135,47534.99000000004,169.0,-20.118343195266274
telephony,2017,11,179,123804.34999999986,135.0,32.592592592592595
telephony,2017,12,386,594987.770000002,179.0,115.64245810055867
telephony,2018,1,338,310232.5200000003,386.0,-12.435233160621761
telephony,2018,2,217,143051.73999999987,338.0,-35.798816568047336
telephony,2018,3,205,77316.40000000007,217.0,-5.529953917050691
telephony,2018,4,249,162056.6599999997,205.0,21.463414634146343
telephony,2018,5,153,74830.17000000004,249.0,-38.55421686746988
telephony,2018,6,45,18035.12,153.0,-70.58823529411765
telephony,2018,7,194,51820.23000000019,45.0,331.1111111111111
telephony,2018,8,242,75778.30000000028,194.0,24.742268041237114
toys,2016,10,247,115905.35999999994,,
toys,2016,12,6,1295.64,247.0,-97.57085020242914
toys,2017,1,1210,361631.98000000295,6.0,20066.666666666664
toys,2017,2,2100,809303.399999997,1210.0,73.55371900826447
toys,2017,3,5710,2449624.319999966,2100.0,171.90476190476193
toys,2017,4,5898,1512781.7700000321,5710.0,3.2924693520140105
toys,2017,5,10351,2530462.47999996,5898.0,75.50016954899966
toys,2017,6,10505,3737668.7099998225,10351.0,1.487778958554729
toys,2017,7,14940,6414399.359999974,10505.0,42.21799143265112
toys,2017,8,16097,5940577.510000409,14940.0,7.744310575635876
toys,2017,9,15298,7392530.949999876,16097.0,-4.963657824439337
toys,2017,10,18708,8163895.990000074,15298.0,22.290495489606485
toys,2017,11,33166,32663669.74999553,18708.0,77.28244601240111
toys,2017,12,22732,13814159.490001025,33166.0,-31.45992884279081
toys,2018,1,29417,8484798.570000729,22732.0,29.407883160302656
toys,2018,2,30840,13678312.220002785,29417.0,4.837338953666247
toys,2018,3,26470,20486084.340000197,30840.0,-14.169909208819714
toys,2018,4,25638,20470438.280000634,26470.0,-3.1431809595768794
toys,2018,5,28514,23891021.74000015,25638.0,11.217723691395584
toys,2018,6,17572,6129193.090000406,28514.0,-38.374132005330715
toys,2018,7,14443,4609161.340000127,17572.0,-17.806737992260413
toys,2018,8,15569,5583898.980000005,14443.0,7.796164231807796
toys,2018,9,4,621.6,15569.0,-99.9743079195838
watches_gifts,2017,1,2,1137.9,,
watches_gifts,2017,2,6,802.9,2.0,200.0
watches_gifts,2017,3,1,59.7,6.0,-83.33333333333334
watches_gifts,2017,4,29,2876.0200000000027,1.0,2800.0
watches_gifts,2017,5,22,1161.8700000000001,29.0,-24.137931034482758
watches_gifts,2017,6,224,15552.769999999979,22.0,918.1818181818181
watches_gifts,2017,7,422,401016.9300000015,224.0,88.39285714285714
watches_gifts,2017,8,324,314067.0500000001,422.0,-23.22274881516588
watches_gifts,2017,9,459,76626.34999999931,324.0,41.66666666666667
watches_gifts,2017,10,108,27877.669999999973,459.0,-76.47058823529412
watches_gifts,2017,11,396,131823.52999999974,108.0,266.66666666666663
watches_gifts,2017,12,128,55167.380000000034,396.0,-67.67676767676768
watches_gifts,2018,1,241,226190.38999999932,128.0,88.28125
watches_gifts,2018,2,539,84302.20000000078,241.0,123.65145228215768
watches_gifts,2018,3,1312,172399.79000000062,539.0,143.41372912801484
watches_gifts,2018,4,2552,695663.0099999866,1312.0,94.51219512195121
watches_gifts,2018,5,3230,621868.479999982,2552.0,26.56739811912226
watches_gifts,2018,6,481,121416.61999999963,3230.0,-85.10835913312692
watches_gifts,2018,7,662,223053.2099999984,481.0,37.62993762993763
watches_gifts,2018,8,337,297911.96999999776,662.0,-49.09365558912387
