product_category_name,year,month,order_count,total_sales
,2017,1,1,97.77
,2017,2,28,3976.7199999999993
,2017,3,35,5566.439999999996
,2017,4,24,15854.830000000002
,2017,5,28,10830.54
,2017,6,18,13857.81
,2017,7,59,24406.079999999984
,2017,8,69,19099.6
,2017,9,52,14244.550000000007
,2017,10,26,4288.430000000002
,2017,11,29,6349.959999999996
,2017,12,21,3594.37
,2018,1,135,24694.999999999975
,2018,2,32,6049.0199999999995
,2018,3,9,4732.93
,2018,4,7,2763.9
,2018,5,5,1411.11
,2018,6,3,618.1500000000001
,2018,7,8,1449.5700000000002
,2018,8,1,78.73
agro_industry_and_commerce,2017,2,1,48.99
agro_industry_and_commerce,2017,5,1,97.5
agro_industry_and_commerce,2018,2,4,834.3
agro_industry_and_commerce,2018,3,19,623.0600000000002
agro_industry_and_commerce,2018,6,2,290.64
agro_industry_and_commerce,2018,7,5,217.52000000000004
agro_industry_and_commerce,2018,8,11,1720.3700000000003
air_conditioning,2017,1,1,93.55
air_conditioning,2017,2,16,24024.0
air_conditioning,2017,8,3,300.3
air_conditioning,2017,9,2,250.92
air_conditioning,2017,11,1,517.65
air_conditioning,2018,1,10,4370.549999999999
air_conditioning,2018,3,8,2586.4
air_conditioning,2018,4,25,2846.230000000001
air_conditioning,2018,5,16,802.8900000000003
air_conditioning,2018,6,16,300.0400000000001
air_conditioning,2018,8,2,2975.56
art,2017,10,1,59.85
art,2018,3,1,314.8
art,2018,6,2,570.08
arts_and_craftmanship,2018,8,1,37.49
audio,2017,9,1,34.0
audio,2017,10,27,1158.0300000000002
audio,2017,11,55,3884.319999999999
audio,2017,12,33,1415.3700000000008
audio,2018,1,32,1372.4800000000007
audio,2018,3,32,5809.920000000003
audio,2018,4,51,7324.640000000003
audio,2018,5,28,4185.839999999997
audio,2018,6,60,34274.87999999999
audio,2018,7,49,10063.080000000004
audio,2018,8,48,8714.880000000006
auto,2016,10,3,415.29999999999995
auto,2017,1,13,2695.33
auto,2017,2,32,5499.970000000003
auto,2017,3,89,13691.159999999982
auto,2017,4,29,3937.200000000002
auto,2017,5,39,6257.490000000001
auto,2017,6,165,24481.320000000036
auto,2017,7,51,7906.360000000001
auto,2017,8,82,29176.180000000004
auto,2017,9,66,9567.020000000006
auto,2017,10,9,3547.72
auto,2017,11,53,9301.7
auto,2017,12,133,15835.649999999965
auto,2018,1,36,6722.489999999999
auto,2018,2,199,56616.66000000001
auto,2018,3,131,42262.22000000007
auto,2018,4,195,103015.64999999985
auto,2018,5,81,24356.200000000023
auto,2018,6,60,21330.340000000004
auto,2018,7,121,40794.110000000066
auto,2018,8,117,26982.260000000002
baby,2017,1,7,1839.62
baby,2017,2,12,2891.76
baby,2017,3,9,3806.83
baby,2017,4,13,7330.34
baby,2017,5,93,8321.889999999994
baby,2017,6,26,2396.700000000001
baby,2017,7,76,9843.180000000011
baby,2017,8,92,3596.519999999999
baby,2017,9,113,14328.65000000002
baby,2017,10,28,3373.4600000000005
baby,2017,11,100,48427.33000000001
baby,2017,12,48,21396.83000000002
baby,2018,1,127,56421.97000000006
baby,2018,2,43,13371.589999999984
baby,2018,3,149,68668.90999999996
baby,2018,4,108,55434.41999999997
baby,2018,5,74,31404.849999999977
baby,2018,6,41,12850.14
baby,2018,7,33,3520.8
baby,2018,8,54,13057.099999999999
bed_bath_table,2017,1,25,1741.8099999999997
bed_bath_table,2017,2,52,13871.379999999988
bed_bath_table,2017,3,134,10975.889999999985
bed_bath_table,2017,4,164,53570.87999999998
bed_bath_table,2017,5,108,22882.620000000024
bed_bath_table,2017,6,138,36727.31000000003
bed_bath_table,2017,7,163,22949.169999999995
bed_bath_table,2017,8,149,41625.229999999916
bed_bath_table,2017,9,245,119702.45000000014
bed_bath_table,2017,10,745,192008.2399999989
bed_bath_table,2017,11,626,124973.7700000005
bed_bath_table,2017,12,644,141653.7900000001
bed_bath_table,2018,1,699,172356.91999999993
bed_bath_table,2018,2,503,120925.7900000005
bed_bath_table,2018,3,488,76333.52999999993
bed_bath_table,2018,4,347,61303.98
bed_bath_table,2018,5,238,56463.7999999999
bed_bath_table,2018,6,372,91441.40000000042
bed_bath_table,2018,7,186,52677.290000000154
bed_bath_table,2018,8,158,35019.29000000003
books_general_interest,2017,1,2,57.64
books_general_interest,2017,3,5,330.87
books_general_interest,2017,4,2,1196.0
books_general_interest,2017,5,8,1535.58
books_general_interest,2017,7,4,254.0
books_general_interest,2017,8,6,577.36
books_general_interest,2017,10,4,612.56
books_general_interest,2017,11,8,784.6
books_general_interest,2017,12,2,333.36
books_general_interest,2018,2,1,83.36
books_general_interest,2018,3,5,2948.76
books_general_interest,2018,4,1,57.89
books_general_interest,2018,6,1,475.0
books_general_interest,2018,8,8,1997.1999999999998
books_imported,2017,11,2,615.0
books_imported,2017,12,12,1291.1999999999998
books_imported,2018,2,4,430.4
books_technical,2017,9,1,220.99
books_technical,2017,11,6,713.9399999999999
books_technical,2017,12,3,356.96999999999997
books_technical,2018,1,2,355.33000000000004
books_technical,2018,3,1,639.0
books_technical,2018,4,12,630.88
books_technical,2018,5,89,12050.169999999986
books_technical,2018,6,11,1594.89
books_technical,2018,7,11,1594.89
christmas_supplies,2017,9,1,10.49
christmas_supplies,2017,10,1,692.0
christmas_supplies,2017,11,1,109.6
christmas_supplies,2018,3,1,100.0
christmas_supplies,2018,8,1,449.5
cine_photo,2017,11,1,115.2
cine_photo,2018,2,1,206.57
cine_photo,2018,8,1,319.29
computers,2017,8,4,1055.6
computers,2017,9,8,273.64
computers,2017,10,4,2519.96
computers,2017,12,4,172.84
computers,2018,1,63,11836.439999999951
computers,2018,4,9,9503.099999999999
computers,2018,5,2,2111.8
computers,2018,6,2,2111.8
computers,2018,7,9,2474.5499999999997
computers,2018,8,1,69.86
computers_accessories,2016,10,5,3169.1
computers_accessories,2017,1,1,111.27
computers_accessories,2017,2,36,2814.7499999999986
computers_accessories,2017,3,139,28159.13999999999
computers_accessories,2017,4,543,78172.83000000044
computers_accessories,2017,5,81,15448.699999999988
computers_accessories,2017,6,303,54270.80999999995
computers_accessories,2017,7,512,38408.34999999997
computers_accessories,2017,8,500,106164.11000000076
computers_accessories,2017,9,479,100174.21000000062
computers_accessories,2017,10,663,254773.77999999787
computers_accessories,2017,11,1153,163419.1999999982
computers_accessories,2017,12,518,70157.77000000057
computers_accessories,2018,1,4601,610516.149999978
computers_accessories,2018,2,3299,321838.7399999974
computers_accessories,2018,3,3132,738283.9300000094
computers_accessories,2018,4,3179,528291.0900000306
computers_accessories,2018,5,1632,268124.8599999952
computers_accessories,2018,6,1963,729977.9799999923
computers_accessories,2018,7,1721,681319.020000007
computers_accessories,2018,8,910,522175.9600000074
consoles_games,2016,10,1,83.36
consoles_games,2017,1,1,399.2
consoles_games,2017,3,32,26903.850000000002
consoles_games,2017,5,26,3383.76
consoles_games,2017,6,1,8.65
consoles_games,2017,8,17,1836.8999999999992
consoles_games,2017,9,2,85.78
consoles_games,2017,10,13,880.8999999999997
consoles_games,2017,11,5,762.9599999999999
consoles_games,2017,12,17,1699.1399999999999
consoles_games,2018,1,15,1981.0699999999997
consoles_games,2018,2,9,1122.1599999999999
consoles_games,2018,3,15,884.0600000000002
consoles_games,2018,4,5,628.8800000000001
consoles_games,2018,5,22,2140.28
consoles_games,2018,6,7,1807.3999999999996
consoles_games,2018,7,23,4937.449999999999
consoles_games,2018,8,6,1383.6200000000001
construction_tools_construction,2017,8,1,109.03
construction_tools_construction,2017,9,1,820.05
construction_tools_construction,2017,10,1,395.6
construction_tools_construction,2017,11,4,2531.56
construction_tools_construction,2017,12,2,1069.56
construction_tools_construction,2018,1,18,2085.05
construction_tools_construction,2018,2,66,15428.719999999987
construction_tools_construction,2018,3,13,1117.36
construction_tools_construction,2018,4,34,3559.7500000000005
construction_tools_construction,2018,5,41,29742.089999999993
construction_tools_construction,2018,6,81,48285.11999999998
construction_tools_construction,2018,7,62,6371.920000000001
construction_tools_construction,2018,8,64,21945.24
construction_tools_lights,2018,2,2,169.37
construction_tools_lights,2018,4,4,818.86
construction_tools_lights,2018,6,9,8515.0
construction_tools_lights,2018,7,6,545.56
construction_tools_lights,2018,8,16,23339.5
construction_tools_safety,2018,2,1,759.0
construction_tools_safety,2018,3,1,1004.99
construction_tools_safety,2018,4,3,193.20000000000002
construction_tools_safety,2018,5,8,615.99
cool_stuff,2017,1,5,3123.75
cool_stuff,2017,2,8,1109.1399999999999
cool_stuff,2017,3,354,30951.359999999844
cool_stuff,2017,4,297,31509.499999999876
cool_stuff,2017,5,711,73664.03000000007
cool_stuff,2017,6,470,69192.19000000002
cool_stuff,2017,7,778,118264.96000000041
cool_stuff,2017,8,483,95105.73000000004
cool_stuff,2017,9,249,50658.08000000004
cool_stuff,2017,10,205,31689.41000000011
cool_stuff,2017,11,254,50723.28000000015
cool_stuff,2017,12,236,41205.05999999992
cool_stuff,2018,1,193,21715.059999999972
cool_stuff,2018,2,173,40262.86999999998
cool_stuff,2018,3,83,6302.509999999998
cool_stuff,2018,4,180,64928.00999999977
cool_stuff,2018,5,24,3870.1499999999987
cool_stuff,2018,6,43,9104.69
cool_stuff,2018,7,22,5542.58
cool_stuff,2018,8,57,14662.809999999989
costruction_tools_garden,2017,4,9,1565.8300000000002
costruction_tools_garden,2017,5,8,995.4400000000003
costruction_tools_garden,2017,8,6,1638.24
costruction_tools_garden,2017,11,10,1402.1
costruction_tools_garden,2018,1,1,93.5
costruction_tools_garden,2018,2,3,317.6
costruction_tools_garden,2018,3,3,2229.88
costruction_tools_garden,2018,4,2,128.8
costruction_tools_garden,2018,6,1,136.89
costruction_tools_garden,2018,7,4,339.70000000000005
costruction_tools_garden,2018,8,8,389.19999999999993
costruction_tools_tools,2017,11,7,5740.35
costruction_tools_tools,2017,12,14,11480.699999999997
costruction_tools_tools,2018,1,14,11480.699999999997
costruction_tools_tools,2018,2,7,5740.35
costruction_tools_tools,2018,3,15,5836.110000000002
costruction_tools_tools,2018,4,1,579.0
costruction_tools_tools,2018,6,4,2480.4
costruction_tools_tools,2018,7,5,2559.13
costruction_tools_tools,2018,8,52,4584.600000000005
drinks,2017,3,1,18.04
drinks,2017,8,1,129.46
drinks,2017,9,1,116.11
drinks,2017,10,8,2116.0
drinks,2017,12,9,6177.879999999998
drinks,2018,1,5,579.29
drinks,2018,3,1,679.0
drinks,2018,4,5,859.92
drinks,2018,5,1,109.9
drinks,2018,6,2,425.5
drinks,2018,7,1,692.0
dvds_blu_ray,2017,3,1,181.56
dvds_blu_ray,2017,5,1,820.05
dvds_blu_ray,2017,12,1,849.5
dvds_blu_ray,2018,6,4,1900.0
electronics,2017,2,24,6753.839999999998
electronics,2017,3,2,208.8
electronics,2017,4,2,208.8
electronics,2017,5,8,1537.46
electronics,2017,7,2,860.0
electronics,2017,8,12,882.1300000000001
electronics,2017,9,15,1879.6500000000003
electronics,2017,10,45,6126.87
electronics,2017,11,33,8563.300000000001
electronics,2017,12,83,7752.360000000013
electronics,2018,1,215,22489.86
electronics,2018,2,218,14409.689999999988
electronics,2018,3,126,16396.61999999998
electronics,2018,4,84,10222.25999999999
electronics,2018,5,212,20372.709999999937
electronics,2018,6,113,13736.98999999997
electronics,2018,7,127,8449.610000000006
electronics,2018,8,26,6193.4400000000005
fashio_female_clothing,2017,2,1,159.9
fashio_female_clothing,2017,3,1,42.89
fashio_female_clothing,2017,6,1,395.6
fashion_bags_accessories,2016,10,2,397.0
fashion_bags_accessories,2017,2,9,1276.02
fashion_bags_accessories,2017,3,15,2160.959999999999
fashion_bags_accessories,2017,4,1,399.2
fashion_bags_accessories,2017,5,16,4208.19
fashion_bags_accessories,2017,6,15,2323.2
fashion_bags_accessories,2017,7,4,1203.36
fashion_bags_accessories,2017,8,25,5289.579999999999
fashion_bags_accessories,2017,9,33,20364.28
fashion_bags_accessories,2017,10,25,2781.8100000000004
fashion_bags_accessories,2017,11,13,2681.05
fashion_bags_accessories,2017,12,41,10496.739999999998
fashion_bags_accessories,2018,1,15,4015.71
fashion_bags_accessories,2018,2,14,4616.999999999999
fashion_bags_accessories,2018,3,40,20959.89
fashion_bags_accessories,2018,4,25,13645.529999999995
fashion_bags_accessories,2018,5,36,16026.210000000001
fashion_bags_accessories,2018,6,13,3873.9
fashion_bags_accessories,2018,7,53,14549.019999999993
fashion_bags_accessories,2018,8,21,5028.539999999999
fashion_male_clothing,2017,3,1,395.6
fashion_male_clothing,2017,4,1,127.77
fashion_male_clothing,2017,6,2,178.2
fashion_male_clothing,2017,7,1,19.04
fashion_male_clothing,2017,8,3,688.19
fashion_male_clothing,2017,10,1,17.6
fashion_male_clothing,2017,12,1,288.02
fashion_male_clothing,2018,6,1,749.9
fashion_male_clothing,2018,8,1,89.1
fashion_shoes,2017,2,1,109.82
fashion_shoes,2017,3,3,979.1999999999999
fashion_shoes,2017,4,1,150.82
fashion_shoes,2017,5,5,2086.09
fashion_shoes,2017,6,2,1640.1
fashion_shoes,2017,7,1,260.99
fashion_shoes,2017,8,1,419.9
fashion_shoes,2017,10,1,261.0
fashion_shoes,2017,11,3,1101.1399999999999
fashion_shoes,2018,1,1,261.0
fashion_shoes,2018,3,1,56.89
fashion_shoes,2018,5,1,89.99
fashion_shoes,2018,7,1,128.99
fashion_sport,2017,6,1,95.03
fashion_underwear_beach,2017,3,1,879.99
fashion_underwear_beach,2017,8,8,5536.0
fashion_underwear_beach,2017,9,8,5536.0
fashion_underwear_beach,2017,12,2,1019.98
fashion_underwear_beach,2018,4,1,692.0
fashion_underwear_beach,2018,5,2,1019.98
fixed_telephony,2017,2,1,83.36
fixed_telephony,2017,6,1,131.9
fixed_telephony,2017,10,2,313.72
fixed_telephony,2018,1,3,338.76
fixed_telephony,2018,2,6,2205.0
fixed_telephony,2018,3,1,849.5
fixed_telephony,2018,4,1,17.95
fixed_telephony,2018,5,1,23.1
fixed_telephony,2018,6,3,530.95
fixed_telephony,2018,7,2,165.38
fixed_telephony,2018,8,2,1193.99
flowers,2017,11,10,329.70000000000005
flowers,2018,1,5,164.85
flowers,2018,2,5,3899.5
flowers,2018,3,5,42.45
food,2017,2,5,538.15
food,2017,3,10,1076.3
food,2017,6,5,538.15
food,2017,8,5,538.15
food,2017,12,1,18.04
food,2018,2,1,16.44
food,2018,5,2,3156.6
food,2018,6,2,678.0
food,2018,7,1,89.1
food,2018,8,8,779.1099999999999
food_drink,2017,7,4,513.2
food_drink,2017,8,18,1845.3000000000004
food_drink,2017,9,7,886.8300000000002
food_drink,2017,10,7,5669.829999999999
food_drink,2017,11,7,4595.599999999999
food_drink,2017,12,2,10.7
food_drink,2018,1,3,143.75
food_drink,2018,3,1,44.95
food_drink,2018,4,2,1681.56
food_drink,2018,5,29,13629.220000000001
food_drink,2018,6,1,31.0
food_drink,2018,7,1,161.0
furniture_bedroom,2017,2,2,81.7
furniture_bedroom,2017,5,4,1366.3
furniture_bedroom,2017,6,1,319.29
furniture_bedroom,2017,7,3,1093.4
furniture_bedroom,2017,11,1,107.53
furniture_bedroom,2018,3,2,257.98
furniture_bedroom,2018,4,2,257.98
furniture_decor,2016,10,7,3862.21
furniture_decor,2017,1,35,10593.45
furniture_decor,2017,2,110,108959.68
furniture_decor,2017,3,172,107736.68000000002
furniture_decor,2017,4,76,67846.96000000005
furniture_decor,2017,5,225,147086.48999999993
furniture_decor,2017,6,106,77860.47000000018
furniture_decor,2017,7,223,113600.99000000009
furniture_decor,2017,8,340,139163.5400000003
furniture_decor,2017,9,73,45254.47999999998
furniture_decor,2017,10,93,40406.51999999999
furniture_decor,2017,11,384,193576.3600000004
furniture_decor,2017,12,185,85000.66000000002
furniture_decor,2018,1,196,72846.54
furniture_decor,2018,2,325,133153.06000000023
furniture_decor,2018,3,543,176464.57000000007
furniture_decor,2018,4,523,98154.83000000042
furniture_decor,2018,5,451,125342.6400000006
furniture_decor,2018,6,252,65739.33999999985
furniture_decor,2018,7,347,72326.47000000019
furniture_decor,2018,8,272,59459.25000000004
furniture_living_room,2017,1,6,2142.0
furniture_living_room,2017,2,1,357.0
furniture_living_room,2017,5,9,3613.2000000000007
furniture_living_room,2017,6,18,5580.180000000002
furniture_living_room,2017,7,2,849.64
furniture_living_room,2017,8,11,2531.34
furniture_living_room,2017,9,3,2030.91
furniture_living_room,2017,10,9,4888.55
furniture_living_room,2017,11,5,365.56
furniture_living_room,2017,12,5,2372.31
furniture_living_room,2018,2,5,2279.36
furniture_living_room,2018,3,12,792.9999999999998
furniture_living_room,2018,4,2,194.1
furniture_living_room,2018,5,5,3814.3999999999996
furniture_living_room,2018,6,8,467.24
furniture_living_room,2018,7,14,4034.46
furniture_living_room,2018,8,2,167.62
furniture_mattress_and_upholstery,2018,1,1,76.99
garden_tools,2017,1,7,6209.0
garden_tools,2017,2,48,6679.859999999993
garden_tools,2017,3,51,5393.349999999994
garden_tools,2017,4,226,95892.70000000006
garden_tools,2017,5,79,10965.019999999995
garden_tools,2017,6,44,8260.179999999998
garden_tools,2017,7,510,329758.2899999998
garden_tools,2017,8,867,593704.3699999999
garden_tools,2017,9,552,375052.71000000066
garden_tools,2017,10,1779,1202953.0900000008
garden_tools,2017,11,3196,6799114.750000002
garden_tools,2017,12,1809,2790316.8700000606
garden_tools,2018,1,1097,520036.2999999947
garden_tools,2018,2,2788,2214259.7600000296
garden_tools,2018,3,1922,7266939.750000262
garden_tools,2018,4,1871,7463820.290000288
garden_tools,2018,5,1911,6636504.450000302
garden_tools,2018,6,821,380431.10999999533
garden_tools,2018,7,293,159791.57000000024
garden_tools,2018,8,187,94477.44000000019
health_beauty,2016,10,22,12952.26
health_beauty,2017,1,24,2015.4300000000007
health_beauty,2017,2,959,126188.25000000132
health_beauty,2017,3,736,123363.7399999998
health_beauty,2017,4,925,113898.09000000094
health_beauty,2017,5,1349,194104.44000000015
health_beauty,2017,6,1816,303336.289999998
health_beauty,2017,7,3424,758134.6100000009
health_beauty,2017,8,2948,305050.48999999993
health_beauty,2017,9,2289,169931.38999999434
health_beauty,2017,10,2820,380577.36999999324
health_beauty,2017,11,4086,676020.4999999893
health_beauty,2017,12,2312,385139.0400000096
health_beauty,2018,1,2646,498285.9800000095
health_beauty,2018,2,1391,254589.9599999992
health_beauty,2018,3,1426,208308.81999999925
health_beauty,2018,4,1536,135963.06000000212
health_beauty,2018,5,1922,151037.9900000043
health_beauty,2018,6,1796,131974.7599999991
health_beauty,2018,7,1544,128826.24999999921
health_beauty,2018,8,1345,82981.9999999985
home_appliances,2017,2,16,5861.38
home_appliances,2017,4,26,10921.819999999996
home_appliances,2017,5,69,18073.41999999999
home_appliances,2017,6,114,17649.47999999995
home_appliances,2017,7,52,17589.809999999998
home_appliances,2017,8,47,4642.3099999999995
home_appliances,2017,9,19,1413.9100000000005
home_appliances,2017,11,14,3360.3
home_appliances,2018,1,16,1420.37
home_appliances,2018,2,45,3767.1699999999973
home_appliances,2018,3,97,7644.580000000008
home_appliances,2018,4,50,4052.4799999999996
home_appliances,2018,5,2,63.52
home_appliances,2018,6,35,12254.929999999986
home_appliances,2018,7,6,659.25
home_appliances,2018,8,3,1005.43
home_appliances_2,2017,1,5,53.0
home_appliances_2,2017,7,2,386.5
home_appliances_2,2017,8,11,1487.1999999999998
home_appliances_2,2017,10,1,399.2
home_appliances_2,2017,11,2,386.5
home_appliances_2,2018,1,9,730.4299999999998
home_appliances_2,2018,2,27,3401.480000000002
home_appliances_2,2018,4,11,2786.98
home_appliances_2,2018,5,5,1947.1000000000001
home_appliances_2,2018,6,12,3555.48
home_appliances_2,2018,7,8,1018.4500000000002
home_appliances_2,2018,8,18,5918.160000000002
home_confort,2017,4,1,45.83
home_confort,2017,5,6,546.72
home_confort,2017,6,6,238.49
home_confort,2017,7,2,1909.35
home_confort,2017,8,9,2407.09
home_confort,2017,10,1,115.32
home_confort,2018,1,3,1007.97
home_confort,2018,2,12,1863.2399999999998
home_confort,2018,4,1,128.99
home_confort,2018,7,1,128.99
home_confort,2018,8,2,210.35
home_construction,2017,2,1,537.99
home_construction,2017,10,6,2069.04
home_construction,2017,11,40,5081.5599999999995
home_construction,2018,1,3,1954.54
home_construction,2018,2,16,2381.6299999999974
home_construction,2018,3,15,4760.91
home_construction,2018,4,32,3790.149999999996
home_construction,2018,5,8,4272.25
home_construction,2018,6,5,383.52
home_construction,2018,7,19,4154.9
home_construction,2018,8,4,176.96
housewares,2016,10,15,432.29999999999995
housewares,2017,1,28,2069.200000000001
housewares,2017,2,40,5579.330000000001
housewares,2017,3,43,3954.439999999999
housewares,2017,4,47,9502.059999999996
housewares,2017,5,97,19537.770000000004
housewares,2017,6,82,17989.140000000003
housewares,2017,7,129,25996.099999999948
housewares,2017,8,122,35199.98
housewares,2017,9,100,24998.05000000002
housewares,2017,10,84,23761.499999999978
housewares,2017,11,143,22216.47000000001
housewares,2017,12,116,53194.65000000004
housewares,2018,1,112,31745.00000000003
housewares,2018,2,158,72171.53999999996
housewares,2018,3,82,18365.92
housewares,2018,4,210,150316.34000000003
housewares,2018,5,198,55075.07000000001
housewares,2018,6,144,17856.199999999993
housewares,2018,7,114,22481.510000000002
housewares,2018,8,90,43266.80000000001
industry_commerce_and_business,2017,2,1,159.9
industry_commerce_and_business,2018,2,30,15047.140000000003
industry_commerce_and_business,2018,3,14,862.1000000000001
industry_commerce_and_business,2018,4,22,748.0
industry_commerce_and_business,2018,5,33,1248.7200000000003
industry_commerce_and_business,2018,6,33,1248.7200000000003
industry_commerce_and_business,2018,7,1,95.0
kitchen_dining_laundry_garden_furniture,2017,2,1,820.05
kitchen_dining_laundry_garden_furniture,2017,3,1,387.0
kitchen_dining_laundry_garden_furniture,2017,4,1,31.46
kitchen_dining_laundry_garden_furniture,2017,5,1,42.89
kitchen_dining_laundry_garden_furniture,2017,8,5,2268.5
kitchen_dining_laundry_garden_furniture,2017,10,1,778.0
kitchen_dining_laundry_garden_furniture,2017,11,15,2757.8799999999997
kitchen_dining_laundry_garden_furniture,2017,12,5,312.25
kitchen_dining_laundry_garden_furniture,2018,1,3,1062.22
kitchen_dining_laundry_garden_furniture,2018,2,1,60.09
kitchen_dining_laundry_garden_furniture,2018,3,5,312.25
kitchen_dining_laundry_garden_furniture,2018,4,2,35.0
kitchen_dining_laundry_garden_furniture,2018,6,2,142.5
kitchen_dining_laundry_garden_furniture,2018,7,3,321.88
kitchen_dining_laundry_garden_furniture,2018,8,1,509.99
la_cuisine,2017,7,1,91.33
luggage_accessories,2017,2,57,20288.38
luggage_accessories,2017,4,1,692.0
luggage_accessories,2017,6,20,3970.0
luggage_accessories,2017,7,23,4080.0299999999997
luggage_accessories,2017,8,7,1399.8000000000002
luggage_accessories,2017,9,1,107.63
luggage_accessories,2017,10,27,4581.1900000000005
luggage_accessories,2017,11,8,3216.5
luggage_accessories,2017,12,17,5198.0
luggage_accessories,2018,1,14,2672.13
luggage_accessories,2018,2,5,1064.75
luggage_accessories,2018,3,13,6714.69
luggage_accessories,2018,4,6,6229.4
luggage_accessories,2018,5,4,6073.75
luggage_accessories,2018,6,5,247.95999999999998
luggage_accessories,2018,7,3,220.05
luggage_accessories,2018,8,18,1432.6999999999998
market_place,2016,10,2,75.68
market_place,2017,2,13,6260.950000000002
market_place,2017,3,1,420.07
market_place,2017,4,8,81.27999999999999
market_place,2017,5,13,8575.869999999999
market_place,2017,6,8,81.27999999999999
market_place,2017,7,6,230.87999999999997
market_place,2017,8,40,3726.5599999999977
market_place,2017,9,10,2083.2799999999997
market_place,2017,10,8,2232.88
market_place,2017,11,9,831.18
market_place,2017,12,1,399.2
market_place,2018,1,15,3011.7000000000003
market_place,2018,2,18,4291.589999999999
market_place,2018,3,10,1160.21
market_place,2018,7,1,37.89
music,2018,8,1,23.1
musical_instruments,2017,2,4,338.2
musical_instruments,2017,4,8,1273.52
musical_instruments,2017,5,2,1640.1
musical_instruments,2017,6,3,170.67000000000002
musical_instruments,2017,7,2,88.69999999999999
musical_instruments,2017,9,2,794.9499999999999
musical_instruments,2017,10,1,692.0
musical_instruments,2017,11,15,2267.88
musical_instruments,2017,12,13,1404.5000000000002
musical_instruments,2018,1,5,3916.1899999999996
musical_instruments,2018,2,2,569.0
musical_instruments,2018,3,9,843.08
musical_instruments,2018,4,17,1499.4900000000005
musical_instruments,2018,5,8,4717.1
musical_instruments,2018,6,11,4960.8099999999995
musical_instruments,2018,7,15,2278.45
musical_instruments,2018,8,3,1672.0
office_furniture,2017,1,15,4905.0
office_furniture,2017,2,121,21951.73000000001
office_furniture,2017,3,47,9117.709999999997
office_furniture,2017,4,114,96177.36000000015
office_furniture,2017,5,36,12982.960000000001
office_furniture,2017,6,33,13935.0
office_furniture,2017,7,40,6546.529999999994
office_furniture,2017,8,61,40152.630000000005
office_furniture,2017,9,22,5282.76
office_furniture,2017,10,132,59493.38
office_furniture,2017,11,154,201924.49000000028
office_furniture,2017,12,21,1633.5499999999997
office_furniture,2018,1,215,23544.000000000044
office_furniture,2018,2,266,22579.419999999907
office_furniture,2018,3,226,97449.39999999997
office_furniture,2018,4,186,25101.989999999972
office_furniture,2018,5,266,135495.99000000017
office_furniture,2018,6,101,13965.339999999997
office_furniture,2018,7,72,4939.150000000003
office_furniture,2018,8,31,1805.0699999999995
party_supplies,2017,11,1,260.0
party_supplies,2018,5,1,137.88
party_supplies,2018,7,1,86.32
party_supplies,2018,8,2,448.88
perfumery,2016,10,35,3234.090000000001
perfumery,2017,1,4,1641.18
perfumery,2017,2,1,692.0
perfumery,2017,3,119,24583.479999999996
perfumery,2017,4,69,9168.390000000009
perfumery,2017,5,116,15304.059999999989
perfumery,2017,6,346,40469.25
perfumery,2017,7,172,20010.879999999994
perfumery,2017,8,161,18704.269999999997
perfumery,2017,9,413,50519.2199999998
perfumery,2017,10,408,49925.60999999985
perfumery,2017,11,600,79072.75999999933
perfumery,2017,12,728,101098.92999999899
perfumery,2018,1,184,21325.580000000034
perfumery,2018,2,83,10141.910000000007
perfumery,2018,3,115,16635.950000000033
perfumery,2018,4,68,12335.140000000007
perfumery,2018,5,10,1663.83
perfumery,2018,6,20,5225.690000000001
perfumery,2018,7,156,41521.38999999985
perfumery,2018,8,78,43373.459999999825
pet_shop,2017,1,5,279.15
pet_shop,2017,2,14,3304.5499999999997
pet_shop,2017,3,5,279.15
pet_shop,2017,4,20,2780.12
pet_shop,2017,5,15,3359.1600000000003
pet_shop,2017,6,27,3914.189999999999
pet_shop,2017,7,35,6359.18
pet_shop,2017,8,54,7636.109999999999
pet_shop,2017,9,36,6986.640000000005
pet_shop,2017,10,16,1677.1299999999997
pet_shop,2017,11,6,2212.2
pet_shop,2017,12,26,9179.519999999997
pet_shop,2018,1,14,1272.16
pet_shop,2018,2,36,6501.019999999999
pet_shop,2018,3,30,10980.939999999991
pet_shop,2018,4,47,59621.98000000005
pet_shop,2018,5,41,10174.640000000001
pet_shop,2018,6,50,20296.949999999993
pet_shop,2018,7,53,26386.31
pet_shop,2018,8,66,40573.12000000001
signaling_and_security,2017,7,1,107.54
signaling_and_security,2017,11,3,479.97
signaling_and_security,2018,1,1,692.0
signaling_and_security,2018,2,1,145.2
signaling_and_security,2018,4,4,793.68
signaling_and_security,2018,6,8,336.28
signaling_and_security,2018,7,2,896.49
small_appliances,2017,1,1,26.77
small_appliances,2017,2,3,449.27
small_appliances,2017,3,14,12201.240000000002
small_appliances,2017,6,6,1637.6
small_appliances,2017,7,4,1610.94
small_appliances,2017,9,6,413.0
small_appliances,2017,10,3,249.38
small_appliances,2017,11,1,9.57
small_appliances,2017,12,6,195.32
small_appliances,2018,1,2,1028.0
small_appliances,2018,2,3,179.0
small_appliances,2018,3,17,2468.53
small_appliances,2018,4,20,7008.709999999999
small_appliances,2018,5,23,1889.3100000000002
small_appliances,2018,6,7,4614.82
small_appliances,2018,7,2,538.99
small_appliances,2018,8,18,2673.5600000000004
small_appliances_home_oven_and_coffee,2017,9,1,95.74
small_appliances_home_oven_and_coffee,2018,3,1,320.99
small_appliances_home_oven_and_coffee,2018,4,2,139.72
small_appliances_home_oven_and_coffee,2018,5,2,93.1
small_appliances_home_oven_and_coffee,2018,7,1,218.0
small_appliances_home_oven_and_coffee,2018,8,1,469.99
sports_leisure,2016,10,9,968.1000000000001
sports_leisure,2017,1,69,12827.980000000005
sports_leisure,2017,2,48,11965.140000000007
sports_leisure,2017,3,75,14573.190000000008
sports_leisure,2017,4,47,11506.090000000002
sports_leisure,2017,5,211,28760.10999999993
sports_leisure,2017,6,372,62638.98999999995
sports_leisure,2017,7,704,124159.53999999998
sports_leisure,2017,8,638,97843.64999999963
sports_leisure,2017,9,659,134868.5299999999
sports_leisure,2017,10,418,136869.37999999986
sports_leisure,2017,11,280,52791.410000000054
sports_leisure,2017,12,206,49738.31999999996
sports_leisure,2018,1,259,46490.19000000006
sports_leisure,2018,2,344,118113.4500000001
sports_leisure,2018,3,397,105542.22000000015
sports_leisure,2018,4,191,55092.40000000004
sports_leisure,2018,5,186,45193.650000000016
sports_leisure,2018,6,243,33043.579999999914
sports_leisure,2018,7,267,49175.509999999966
sports_leisure,2018,8,191,54885.34999999997
stationery,2017,1,1,169.99
stationery,2017,2,1,18.04
stationery,2017,3,5,2124.8999999999996
stationery,2017,4,11,2103.59
stationery,2017,5,28,5196.379999999998
stationery,2017,6,14,8714.339999999998
stationery,2017,7,18,5729.9400000000005
stationery,2017,8,15,10544.24
stationery,2017,9,29,5516.049999999999
stationery,2017,10,40,20656.519999999997
stationery,2017,11,62,12844.390000000007
stationery,2017,12,33,11657.2
stationery,2018,1,94,17261.550000000007
stationery,2018,2,52,18854.72
stationery,2018,3,15,11251.899999999998
stationery,2018,4,37,12970.46
stationery,2018,5,45,10816.31
stationery,2018,6,47,8662.179999999997
stationery,2018,7,80,19410.929999999993
stationery,2018,8,33,9633.45
tablets_printing_image,2017,3,18,2258.28
tablets_printing_image,2017,4,14,1756.4400000000003
tablets_printing_image,2017,5,17,2132.82
tablets_printing_image,2017,10,6,752.76
tablets_printing_image,2017,11,9,512.01
tablets_printing_image,2017,12,21,1194.6900000000003
tablets_printing_image,2018,1,6,5279.94
tablets_printing_image,2018,2,18,8311.5
tablets_printing_image,2018,3,9,6525.0
tablets_printing_image,2018,4,6,5279.94
tablets_printing_image,2018,6,9,258.29999999999995
telephony,2017,1,26,60980.0
telephony,2017,2,1,387.49
telephony,2017,3,48,117140.13
telephony,2017,4,71,175298.91000000003
telephony,2017,5,98,178716.63
telephony,2017,6,58,62063.95000000004
telephony,2017,7,37,60444.22000000001
telephony,2017,8,45,108585.47000000002
telephony,2017,9,169,540439.79
telephony,2017,10,135,47534.99000000004
telephony,2017,11,179,123804.34999999986
telephony,2017,12,386,594987.770000002
telephony,2018,1,338,310232.5200000003
telephony,2018,2,217,143051.73999999987
telephony,2018,3,205,77316.40000000007
telephony,2018,4,249,162056.6599999997
telephony,2018,5,153,74830.17000000004
telephony,2018,6,45,18035.12
telephony,2018,7,194,51820.23000000019
telephony,2018,8,242,75778.30000000028
toys,2016,10,247,115905.35999999994
toys,2016,12,6,1295.64
toys,2017,1,1208,360681.9800000029
toys,2017,2,2096,808290.5699999972
toys,2017,3,5710,2449624.319999966
toys,2017,4,5898,1512781.7700000321
toys,2017,5,10351,2530462.47999996
toys,2017,6,10505,3737668.7099998225
toys,2017,7,14940,6414399.359999974
toys,2017,8,16097,5940577.510000409
toys,2017,9,15298,7392530.949999876
toys,2017,10,18708,8163895.990000074
toys,2017,11,33166,32663669.74999553
toys,2017,12,22732,13814159.490001025
toys,2018,1,29417,8484798.570000729
toys,2018,2,30840,13678312.220002785
toys,2018,3,26470,20486084.340000197
toys,2018,4,25638,20470438.280000634
toys,2018,5,28514,23891021.74000015
toys,2018,6,17572,6129193.090000406
toys,2018,7,14443,4609161.340000127
toys,2018,8,15569,5583898.980000005
toys,2018,9,4,621.6
watches_gifts,2017,1,2,1137.9
watches_gifts,2017,2,6,802.9
watches_gifts,2017,3,1,59.7
watches_gifts,2017,4,29,2876.0200000000027
watches_gifts,2017,5,22,1161.8700000000001
watches_gifts,2017,6,224,15552.769999999979
watches_gifts,2017,7,422,401016.9300000015
watches_gifts,2017,8,324,314067.0500000001
watches_gifts,2017,9,459,76626.34999999931
watches_gifts,2017,10,108,27877.669999999973
watches_gifts,2017,11,396,131823.52999999974
watches_gifts,2017,12,128,55167.380000000034
watches_gifts,2018,1,241,226190.38999999932
watches_gifts,2018,2,539,84302.20000000078
watches_gifts,2018,3,1312,172399.79000000062
watches_gifts,2018,4,2552,695663.0099999866
watches_gifts,2018,5,3230,621868.479999982
watches_gifts,2018,6,481,121416.61999999963
watches_gifts,2018,7,662,223053.2099999984
watches_gifts,2018,8,337,297911.96999999776
